<?xml version="1.0" encoding="UTF-8"?>
<?xml-stylesheet type="text/xsl" href="2_a.xsl"?>
<klienci>
	<klient typ="Odbiorca">
		<imie>Karol</imie>
		<nazwisko>Jonakowski</nazwisko>
		<data_urodzenia>1978-10-30</data_urodzenia>
		<pesel>78092002511</pesel>
		<wiek>25</wiek>
	</klient>
	<klient typ="Dostawca">
		<imie>Marian</imie>
		<nazwisko>Kaczmarek</nazwisko>
		<data_urodzenia>1981-11-10</data_urodzenia>
		<pesel>81111003521</pesel>
		<wiek>22</wiek>
	</klient>
	<klient typ="Odbiorca">
		<imie>Adam</imie>
		<nazwisko>Miernik</nazwisko>
		<data_urodzenia>1967-09-12</data_urodzenia>
		<pesel>67091203521</pesel>
		<wiek>37</wiek>
	</klient>
</klienci>
