'NR_ZAWODOW','NR_ZAWODNIKA','REZULTAT_MIN','REZULTAT_SEK','POZYCJA','PUNKTY_GLOBALNE','PUNKTY_KATEGORII','POZYCJA_KATEGORIA','POZYCJA_GLOBALNIE','LOKATA_W_BIEGU'
1,541,40,7,1,3,34,17,48,48
1,542,52,38,1,,45,6,,178
1,557,43,57,1,,25,26,,95
1,577,36,0,1,36,50,1,15,15
1,584,51,51,1,,50,1,,172
1,585,45,58,1,,29,22,,118
1,596,49,10,1,,48,3,,154
1,598,41,7,1,,45,6,,58
1,601,50,27,1,,11,40,,162
1,616,33,38,1,43,50,1,8,8
1,621,43,28,2,,34,17,,88
1,622,43,8,1,,36,15,,82
1,636,39,11,1,7,33,18,44,44
1,643,47,59,1,,23,28,,140
1,645,38,49,1,11,49,2,40,40
1,648,52,22,1,,18,33,,174
1,651,47,3,1,,26,25,,133
1,655,40,40,1,,31,20,,56
1,656,50,50,1,,20,31,,166
1,660,42,55,1,,48,3,,79
1,663,37,34,1,24,46,5,27,27
1,664,47,30,1,,11,40,,137
1,668,43,29,1,,33,18,,89
1,671,55,17,1,,43,8,,192
1,681,44,58,2,,30,21,,106
1,700,46,30,1,,28,23,,125
1,702,40,21,1,,32,19,,52
1,716,37,41,1,22,38,13,29,29
1,724,38,6,1,18,37,14,33,33
1,726,41,11,1,,30,21,,59
1,727,36,29,1,35,48,3,16,16
1,728,42,7,1,,43,8,,68
1,733,45,11,1,,18,33,,109
1,742,41,13,1,,29,22,,60
1,751,35,30,1,40,43,8,11,11
1,752,37,35,1,23,42,9,28,28
1,776,48,28,1,,21,30,,146
1,780,55,50,1,,15,36,,197
1,788,33,37,2,44,45,6,7,7
1,794,40,18,1,,42,9,,51
1,802,42,37,1,,39,12,,75
1,806,37,10,1,29,40,11,22,22
1,808,43,31,1,,36,15,,90
1,827,40,11,1,2,49,2,49,49
1,828,38,15,1,16,39,12,35,35
1,840,33,37,1,45,46,5,6,6
1,844,45,18,1,,23,28,,110
1,845,43,20,1,,38,13,,84
1,858,48,20,1,,10,41,,144
1,862,48,53,1,,8,43,,152
1,871,44,24,2,,33,18,,99
1,874,41,58,2,,27,24,,66
1,881,43,23,1,,22,29,,85
1,886,47,11,1,,13,38,,135
1,889,43,51,1,,21,30,,93
1,920,60,58,1,,9,42,,212
1,936,42,9,1,,26,25,,70
1,969,37,44,1,21,41,10,30,30
2,4,68,20,1,23,46,5,28,28
2,6,73,46,1,21,44,7,30,30
2,10,62,38,1,29,46,5,22,22
2,18,64,21,1,25,44,7,26,26
2,19,64,41,1,24,46,5,27,27
2,24,58,54,1,34,48,3,17,17
2,25,71,25,1,22,45,6,29,29
2,26,74,31,1,20,43,8,31,31
2,31,49,41,1,47,49,2,4,4
2,33,60,24,1,32,47,4,19,19
2,34,54,33,1,41,48,3,10,10
2,38,56,34,1,37,46,5,14,14
2,40,63,12,1,27,48,3,24,24
2,41,54,57,1,40,50,1,11,11
2,42,55,22,1,38,47,4,13,13
2,45,58,50,1,35,49,2,16,16
2,47,63,40,1,26,47,4,25,25
2,49,50,1,1,46,49,2,5,5
2,51,49,16,1,48,50,1,3,3
2,52,54,15,1,42,48,3,9,9
2,54,60,52,1,31,46,5,20,20
2,60,44,46,1,50,50,1,1,1
2,66,62,45,1,28,45,6,23,23
2,72,55,16,1,39,47,4,12,12
2,73,51,28,1,44,50,1,7,7
2,77,59,23,1,33,47,4,18,18
2,93,58,16,2,36,45,6,15,15
2,98,51,8,1,45,48,3,6,6
2,118,53,11,1,43,49,2,8,8
2,173,46,16,1,49,50,1,2,2
2,182,61,3,1,30,49,2,21,21
2,217,52,44,1,,17,34,,111
2,218,43,7,1,24,40,11,27,27
2,221,41,42,1,33,46,5,18,18
2,222,43,22,1,22,45,6,29,29
2,224,37,55,1,50,50,1,1,1
2,225,50,17,1,,32,19,,93
2,227,49,48,1,,22,29,,87
2,235,42,23,1,28,42,9,23,23
2,240,45,55,1,,43,8,,57
2,241,48,44,1,,47,4,,70
2,242,51,45,1,,19,32,,107
2,243,44,51,1,7,40,11,44,44
2,244,45,21,1,,35,16,,51
2,245,53,42,1,,27,24,,117
2,248,53,52,1,,16,35,,119
2,252,45,1,1,3,36,15,48,48
2,253,48,47,1,,40,11,,72
2,254,51,36,1,,31,20,,105
2,260,40,0,1,42,49,2,9,9
2,265,48,41,1,,34,17,,69
2,269,50,45,1,,49,2,,96
2,272,59,37,1,,22,29,,140
2,280,61,18,1,,17,34,,145
2,289,48,56,1,,39,12,,75
2,290,45,26,1,,37,14,,52
2,295,45,7,1,1,38,13,50,50
2,297,55,36,1,,14,37,,125
2,298,39,38,1,44,49,2,7,7
2,299,48,8,1,,35,16,,67
2,303,41,59,1,30,45,6,21,21
2,304,44,17,1,14,42,9,37,37
2,309,44,28,1,13,41,10,38,38
2,311,67,1,1,,15,36,,153
2,318,55,42,1,,13,38,,126
2,319,49,43,2,,23,28,,85
2,326,47,30,1,,41,10,,64
2,330,50,35,1,,26,25,,95
2,331,49,58,1,,27,24,,88
2,332,41,22,1,35,47,4,16,16
2,333,38,27,1,47,50,1,4,4
2,335,58,16,1,,19,32,,135
2,336,44,48,1,8,48,3,43,43
2,338,38,46,1,46,48,3,5,5
2,346,63,20,1,,10,41,,150
2,347,55,50,1,,26,25,,127
2,349,46,27,1,,32,19,,60
2,355,45,34,1,,34,17,,53
2,359,43,38,1,20,47,4,31,31
2,363,51,13,1,,33,18,,100
2,366,49,59,1,,37,14,,89
2,371,43,51,1,18,44,7,33,33
2,373,62,16,1,,16,35,,148
2,376,55,57,1,,25,26,,128
2,377,52,43,1,,25,26,,110
2,379,57,40,1,,21,30,,133
2,381,46,39,1,,36,15,,62
2,386,46,13,1,,37,14,,58
2,389,45,35,1,,36,15,,54
2,392,44,51,2,6,39,12,45,45
2,394,41,56,1,31,46,5,20,20
2,398,44,39,1,9,45,6,42,42
2,406,59,2,1,,20,31,,139
2,407,60,19,1,,19,32,,141
2,410,49,33,1,,24,27,,82
2,413,43,59,1,16,42,9,35,35
2,414,49,45,1,,28,23,,86
2,416,49,42,1,,30,21,,83
2,420,46,32,1,,34,17,,61
2,421,53,2,1,,27,24,,115
2,422,67,49,1,,9,42,,155
2,423,42,56,1,26,49,2,25,25
2,425,65,32,1,,21,30,,152
2,426,43,25,1,21,39,12,30,30
2,427,47,0,1,,42,9,,63
2,428,52,29,1,,29,22,,109
2,429,51,9,1,,29,22,,99
2,430,53,44,1,,26,25,,118
2,446,49,16,2,,38,13,,79
2,452,77,49,1,,39,12,,159
2,455,61,4,1,,45,6,,143
2,458,46,19,1,,33,18,,59
2,463,44,31,1,12,38,13,39,39
2,469,48,46,1,,50,1,,71
2,471,67,27,1,,40,11,,154
2,485,58,58,1,,21,30,,137
2,488,61,8,1,,44,7,,144
2,489,57,30,1,,47,4,,132
2,491,56,19,1,,24,27,,129
2,498,47,55,1,,31,20,,66
2,499,69,2,1,,50,1,,156
2,503,103,4,1,,50,1,,160
2,505,49,43,1,,29,22,,84
2,531,39,53,1,43,46,5,8,8
2,535,54,39,1,,23,28,,123
2,536,51,24,1,,32,19,,102
2,538,50,24,1,,34,17,,94
2,542,61,45,1,,43,8,,147
2,553,56,40,1,,23,28,,130
2,577,40,8,1,41,50,1,10,10
2,589,41,16,1,36,47,4,15,15
2,596,59,0,1,,46,5,,138
2,598,44,37,1,10,46,5,41,41
2,616,38,16,1,48,50,1,3,3
2,621,51,0,1,,30,21,,98
2,645,43,10,1,23,48,3,28,28
2,648,53,59,1,,25,26,,120
2,652,48,21,1,,32,19,,68
2,655,48,54,1,,30,21,,74
2,660,43,44,1,19,49,2,32,32
2,663,40,59,1,37,48,3,14,14
2,668,45,49,1,,38,13,,56
2,671,63,32,1,,41,10,,151
2,681,51,31,1,,28,23,,103
2,699,51,33,1,,20,31,,104
2,702,43,2,1,25,41,10,26,26
2,716,40,34,1,39,45,6,12,12
2,724,41,46,1,32,43,8,19,19
2,726,49,30,1,,25,26,,81
2,727,42,46,1,27,43,8,24,24
2,728,45,3,1,2,44,7,49,49
2,742,45,41,1,,35,16,,55
2,751,39,13,1,45,47,4,6,6
2,752,47,36,1,,33,18,,65
2,757,41,29,1,34,44,7,17,17
2,763,51,15,1,,21,30,,101
2,765,61,36,1,,11,40,,146
4,16,63,34,1,19,47,4,32,32
4,18,60,52,1,24,44,7,27,27
4,19,61,7,1,23,46,5,28,28
4,24,48,51,1,39,49,2,12,12
4,25,71,2,1,17,45,6,34,34
4,34,54,36,1,35,46,5,16,16
4,40,47,38,1,42,47,4,9,9
4,41,48,44,1,40,50,1,11,11
4,42,49,24,1,38,47,4,13,13
4,43,46,21,1,44,49,2,7,7
4,45,55,14,1,32,48,3,19,19
4,47,63,3,1,20,38,13,31,31
4,52,45,37,1,45,50,1,6,6
4,60,39,1,1,48,50,1,3,3
4,65,34,51,1,50,50,1,1,1
4,67,56,36,1,28,48,3,23,23
4,75,51,3,1,37,49,2,14,14
4,77,55,16,1,31,47,4,20,20
4,84,38,46,1,49,49,2,2,2
4,85,55,9,1,33,45,6,18,18
4,97,58,17,1,26,41,10,25,25
4,101,61,8,1,22,39,12,29,29
4,102,56,9,1,29,43,8,22,22
4,103,65,17,1,18,46,5,33,33
4,131,51,21,1,36,45,6,15,15
4,137,61,30,1,21,48,3,30,30
4,140,48,25,1,41,46,5,10,10
4,145,43,37,1,46,48,3,5,5
4,163,54,55,1,34,49,2,17,17
4,173,41,6,1,47,50,1,4,4
4,182,59,17,1,25,40,11,26,26
4,209,53,57,1,,24,27,,142
4,214,36,27,1,32,44,7,19,19
4,217,42,27,1,,25,26,,63
4,218,40,22,1,7,36,15,44,44
4,221,38,5,1,21,38,13,30,30
4,222,38,3,1,22,46,5,29,29
4,224,33,0,1,48,48,3,3,3
4,229,56,31,1,,,,,151
4,235,36,20,1,33,43,8,18,18
4,237,38,44,1,15,39,12,36,36
4,239,38,40,1,17,35,16,34,34
4,241,49,18,1,,44,7,,123
4,248,43,47,1,,23,28,,75
4,253,40,42,1,,46,5,,51
4,254,44,26,1,,40,11,,84
4,260,34,48,1,43,49,2,8,8
4,261,46,57,1,,45,6,,111
4,263,36,1,1,37,46,5,14,14
4,264,33,32,1,47,47,4,4,4
4,265,44,29,1,,35,16,,85
4,272,55,43,1,,22,29,,148
4,274,44,0,1,,21,30,,79
4,275,35,21,1,42,48,3,9,9
4,289,42,26,1,,44,7,,62
4,290,38,7,1,20,37,14,31,31
4,295,37,33,1,28,42,9,23,23
4,298,36,16,1,34,48,3,17,17
4,302,46,17,1,,35,16,,104
4,304,43,2,1,,38,13,,69
4,305,35,58,1,38,49,2,13,13
4,306,40,53,1,,28,23,,55
4,309,40,44,1,,41,10,,52
4,313,43,55,1,,36,15,,77
4,330,41,43,1,,32,19,,59
4,332,37,22,1,29,47,4,22,22
4,333,34,14,1,45,50,1,6,6
4,335,49,10,1,,23,28,,122
4,338,35,35,1,40,45,6,11,11
4,348,46,2,1,,29,22,,102
4,355,40,35,1,1,34,17,50,50
4,359,40,0,1,10,47,4,41,41
4,366,44,50,2,,38,13,,89
4,371,40,19,1,8,43,8,43,43
4,372,49,7,1,,24,27,,121
4,373,57,2,1,,26,25,,153
4,374,52,8,1,,20,31,,136
4,375,46,13,1,,36,15,,103
4,377,51,53,1,,21,30,,134
4,381,40,22,2,6,42,9,45,45
4,394,42,1,1,,40,11,,60
4,395,42,59,1,,43,8,,68
4,405,43,52,1,,41,10,,76
4,413,42,5,1,,26,25,,61
4,416,47,43,1,,26,25,,115
4,420,45,8,1,,16,35,,94
4,423,39,48,1,12,48,3,39,39
4,426,37,54,1,26,41,10,25,25
4,440,40,47,1,,30,21,,53
4,451,46,22,1,,12,39,,106
4,455,55,54,1,,48,3,,149
4,460,39,58,1,11,37,14,40,40
4,461,47,22,1,,28,23,,113
4,467,45,50,1,,30,21,,101
4,471,62,47,1,,47,4,,156
4,489,53,12,1,,50,1,,139
4,503,86,43,1,,50,1,,162
4,530,48,37,1,,6,45,,118
4,542,54,12,1,,49,2,,145
4,544,45,12,1,,15,36,,95
4,577,35,56,1,39,50,1,12,12
4,588,37,43,1,27,41,10,24,24
4,589,37,19,1,30,43,8,21,21
4,597,44,39,1,,39,12,,87
4,598,41,35,1,,45,6,,58
4,603,51,13,1,,2,49,,132
4,604,49,2,1,,25,26,,120
4,605,45,2,1,,33,18,,91
4,616,34,41,1,44,50,1,7,7
4,618,44,22,1,,29,22,,83
4,619,43,11,1,,24,27,,70
4,621,45,17,1,,32,19,,96
4,624,54,12,2,,23,28,,146
4,637,52,47,1,,19,32,,138
4,640,43,41,1,,31,20,,73
4,642,39,12,1,13,38,13,38,38
4,644,31,59,1,50,50,1,1,1
4,645,38,37,1,18,49,2,33,33
4,647,44,50,1,,17,34,,88
4,648,46,33,1,,34,17,,109
4,655,37,54,2,25,40,11,26,26
4,660,44,17,1,,47,4,,82
4,663,39,7,1,14,45,6,37,37
4,668,43,36,1,,37,14,,72
4,676,73,8,1,,23,28,,161
4,677,46,26,1,,11,40,,107
4,678,45,4,1,,28,23,,92
4,680,51,26,1,,29,22,,133
4,681,42,46,1,,39,12,,65
4,682,48,40,1,,5,46,,119
4,697,53,35,1,,,,,141
4,700,49,34,1,,27,24,,124
4,701,47,48,1,,32,19,,117
4,704,50,34,1,,30,21,,128
4,705,47,44,1,,33,18,,116
4,706,56,32,1,,27,24,,152
4,707,45,19,1,,14,37,,97
4,708,52,29,1,,1,50,,137
4,709,44,14,1,,20,31,,80
4,710,51,4,1,,3,48,,130
4,711,43,56,1,,22,29,,78
4,712,42,56,2,,48,3,,67
4,713,46,20,1,,46,5,,105
4,714,50,24,1,,26,25,,127
4,715,71,30,1,,,,,160
4,716,36,3,1,36,44,7,15,15
4,717,49,57,1,,22,29,,125
4,718,69,39,1,,24,27,,159
4,721,52,0,1,,43,8,,135
4,722,44,16,1,,19,32,,81
4,724,36,56,1,31,42,9,20,20
4,726,41,4,1,,27,24,,57
4,727,36,14,1,35,45,6,16,16
4,728,45,23,1,,37,14,,98
4,733,65,0,1,,,,,157
4,738,65,0,2,,,,,158
4,746,50,39,1,,4,47,,129
4,762,40,25,1,5,33,18,46,46
4,768,53,12,2,,,,,140
4,776,45,34,1,,31,20,,100
4,780,57,37,1,,25,26,,154
4,788,33,41,1,46,46,5,5,5
4,789,35,22,1,41,47,4,10,10
4,794,40,15,1,9,44,7,42,42
4,810,50,10,1,,31,20,,126
4,827,42,56,1,,49,2,,66
4,828,38,32,1,19,36,15,32,32
4,840,32,35,1,49,49,2,2,2
4,843,44,56,1,,34,17,,90
4,844,43,42,1,,30,21,,74
4,845,43,24,1,,42,9,,71
4,846,45,7,1,,27,24,,93
4,847,42,42,1,,50,1,,64
4,848,54,2,1,,,,,143
4,849,40,34,1,2,35,16,49,49
4,850,62,7,1,,,,,155
4,851,54,42,1,,,,,147
4,853,56,4,1,,18,33,,150
4,855,46,32,1,,10,41,,108
4,856,40,55,1,,33,18,,56
4,857,44,30,1,,18,33,,86
4,858,46,43,1,,9,42,,110
4,859,40,28,1,4,32,19,47,47
4,862,47,17,1,,8,43,,112
4,870,51,11,1,,25,26,,131
4,881,40,30,1,3,31,20,48,48
4,889,40,48,1,,29,22,,54
4,899,45,27,1,,13,38,,99
4,917,38,0,1,23,40,11,28,28
4,920,54,9,1,,28,23,,144
4,934,38,41,1,16,34,17,35,35
4,936,47,32,1,,7,44,,114
4,969,37,58,1,24,39,12,27,27
2,775,62,22,1,,42,9,,149
2,776,50,7,1,,33,18,,91
2,794,43,57,1,17,43,8,34,34
2,808,51,40,1,,30,21,,106
2,840,38,8,1,49,49,2,2,2
2,844,54,16,1,,22,29,,122
2,845,50,13,1,,35,16,,92
2,858,55,2,1,,15,36,,124
2,862,57,17,1,,12,39,,131
2,881,44,13,1,15,41,10,36,36
2,889,48,47,2,,31,20,,73
2,899,49,14,1,,27,24,,78
2,902,50,5,1,,36,15,,90
2,911,42,16,1,29,44,7,22,22
2,914,71,50,1,,20,31,,157
2,917,44,58,1,4,37,14,47,47
2,918,52,50,1,,24,27,,112
2,919,52,50,2,,28,23,,113
2,920,60,38,1,,18,33,,142
2,924,44,33,1,11,40,11,40,40
2,925,40,39,1,38,50,1,13,13
2,926,49,21,1,,26,25,,80
2,927,44,57,1,5,39,12,46,46
2,930,54,3,1,,24,27,,121
2,931,58,56,1,,22,29,,136
2,933,50,56,1,,31,20,,97
2,934,49,9,1,,29,22,,76
2,936,49,11,1,,28,23,,77
2,950,53,6,1,,48,3,,116
2,951,52,58,1,,23,28,,114
2,960,58,9,1,,20,31,,134
2,961,72,20,1,,8,43,,158
2,963,51,47,1,,18,33,,108
2,969,40,9,1,40,48,3,11,11
3,6,65,15,1,19,43,8,32,32
3,8,56,5,1,29,45,6,22,22
3,9,62,42,1,20,43,8,31,31
3,10,51,52,1,36,44,7,15,15
3,11,47,17,1,45,49,2,6,6
3,16,65,23,1,18,42,9,33,33
3,18,61,51,1,22,43,8,29,29
3,19,62,21,1,21,47,4,30,30
3,24,53,19,1,34,49,2,17,17
3,25,67,55,1,17,46,5,34,34
3,34,49,22,1,41,47,4,10,10
3,37,54,22,1,31,47,4,20,20
3,40,54,15,1,32,46,5,19,19
3,41,49,41,1,39,50,1,12,12
3,42,50,32,1,37,45,6,14,14
3,51,42,47,1,48,50,1,3,3
3,52,47,21,1,44,49,2,7,7
3,53,61,29,1,23,48,3,28,28
3,60,41,27,1,50,50,1,1,1
3,71,50,3,1,38,46,5,13,13
3,73,46,37,1,46,49,2,5,5
3,75,54,53,1,30,46,5,21,21
3,91,59,55,1,24,47,4,27,27
3,92,56,29,1,28,45,6,23,23
3,93,53,11,1,35,48,3,16,16
3,98,47,37,1,43,49,2,8,8
3,129,42,14,1,49,50,1,2,2
3,137,58,22,1,27,48,3,24,24
3,140,49,30,1,40,48,3,11,11
3,141,68,7,1,16,41,10,35,35
3,142,59,54,1,25,44,7,26,26
3,143,59,48,1,26,44,7,25,25
3,145,47,41,1,42,48,3,9,9
3,173,44,47,1,47,50,1,4,4
3,182,53,56,1,33,47,4,18,18
3,206,55,10,1,,17,34,,124
3,209,55,4,1,,23,28,,123
3,214,37,49,1,37,46,5,14,14
3,218,38,58,1,30,43,8,21,21
3,221,39,39,1,26,42,9,25,25
3,222,38,14,1,33,47,4,18,18
3,224,34,23,1,47,49,2,4,4
3,228,56,31,1,,23,28,,132
3,240,43,14,1,2,43,8,49,49
3,241,45,42,1,,49,2,,64
3,247,45,52,1,,36,15,,69
3,248,46,26,1,,28,23,,76
3,253,41,54,1,11,45,6,40,40
3,254,45,48,1,,38,13,,67
3,260,35,59,1,43,49,2,8,8
3,261,48,30,1,,48,3,,88
3,262,35,26,1,44,46,5,7,7
3,263,38,9,1,34,44,7,17,17
3,265,45,23,1,,35,16,,63
3,267,57,39,1,,23,28,,134
3,283,55,15,1,,16,35,,125
3,285,53,39,1,,18,33,,118
3,289,43,51,1,,41,10,,57
3,291,52,42,1,,27,24,,112
3,293,52,43,1,,26,25,,113
3,295,39,45,1,25,41,10,26,26
3,298,36,18,1,42,49,2,9,9
3,302,47,35,1,,35,16,,82
3,304,43,19,1,,38,13,,51
3,309,43,9,1,3,39,12,48,48
3,316,56,29,2,,24,27,,131
3,319,46,40,1,,27,24,,78
3,326,40,58,1,17,48,3,34,34
3,332,37,52,1,36,48,3,15,15
3,333,34,5,1,49,50,1,2,2
3,338,36,38,1,41,45,6,10,10
3,344,55,20,1,,46,5,,126
3,355,41,36,1,12,41,10,39,39
3,359,40,31,1,21,49,2,30,30
3,366,44,13,1,,39,12,,60
3,372,49,49,1,,29,22,,95
3,373,58,19,1,,21,30,,135
3,374,54,49,1,,24,27,,122
3,375,50,17,1,,31,20,,99
3,376,48,50,1,,31,20,,90
3,381,40,46,1,18,40,11,33,33
3,394,39,22,1,29,45,6,22,22
3,406,52,12,1,,26,25,,110
3,413,38,43,1,32,43,8,19,19
3,416,46,38,1,,33,18,,77
3,420,42,7,1,9,37,14,42,42
3,421,49,33,1,,32,19,,94
3,422,56,21,1,,14,37,,130
3,423,41,25,1,13,46,5,38,38
3,450,43,31,1,,39,12,,52
3,451,48,11,1,,25,26,,86
3,455,55,30,1,,45,6,,127
3,463,37,39,1,38,44,7,13,13
3,467,50,9,1,,30,21,,98
3,469,46,21,1,,49,2,,74
3,470,43,47,1,,32,19,,56
3,471,64,45,1,,43,8,,140
3,478,45,8,1,,50,1,,62
3,485,52,9,1,,27,24,,108
3,489,51,47,1,,47,4,,105
3,535,51,38,1,,28,23,,104
3,536,46,1,1,,37,14,,71
3,538,46,17,1,,36,15,,73
3,542,55,47,1,,44,7,,129
3,544,50,1,1,,21,30,,97
3,570,43,16,1,1,33,18,50,50
3,572,46,24,1,,34,17,,75
3,596,52,6,1,,46,5,,107
3,598,41,2,1,16,47,4,35,35
3,605,47,50,1,,32,19,,85
3,606,46,44,1,,32,19,,80
3,608,52,54,1,,25,26,,117
3,609,52,51,1,,25,26,,116
3,611,45,45,1,,38,13,,65
3,612,45,59,1,,35,16,,70
3,614,42,45,1,4,34,17,47,47
3,616,33,56,1,50,50,1,1,1
3,618,48,56,1,,30,21,,91
3,619,43,58,1,,31,20,,58
3,620,55,41,1,,15,36,,128
3,621,46,43,1,,33,18,,79
3,623,42,39,1,6,40,11,45,45
3,624,61,5,1,,22,29,,138
3,627,40,41,1,20,42,9,31,31
3,637,51,54,1,,28,23,,106
3,645,40,16,1,23,50,1,28,28
3,647,44,14,1,,30,21,,61
3,648,50,21,1,,30,21,,100
3,651,48,57,1,,33,18,,92
3,656,64,20,1,,19,32,,139
3,663,38,44,1,31,46,5,20,20
3,668,40,44,1,19,41,10,32,32
3,681,43,40,1,,36,15,,54
3,682,48,20,1,,24,27,,87
3,684,54,14,1,,47,4,,120
3,687,52,49,1,,19,32,,114
3,688,52,11,1,,27,24,,109
3,689,59,23,1,,13,38,,136
3,690,39,47,1,24,43,8,27,27
3,691,40,27,1,22,40,11,29,29
3,693,67,30,1,,45,6,,142
3,694,49,13,1,,23,28,,93
3,695,45,46,1,,37,14,,66
3,700,54,23,1,,24,27,,121
3,716,39,32,1,27,42,9,24,24
3,726,42,4,1,10,38,13,41,41
3,727,37,34,1,39,47,4,12,12
3,728,42,43,1,5,44,7,46,46
3,733,47,38,1,,26,25,,83
3,740,34,12,1,48,50,1,3,3
3,741,42,32,1,7,35,16,44,44
3,745,46,9,1,,34,17,,72
3,746,52,21,1,,20,31,,111
3,763,45,50,1,,29,22,,68
3,775,66,10,1,,42,9,,141
3,776,51,37,1,,28,23,,103
3,780,59,53,1,,20,31,,137
3,788,35,12,1,45,47,4,6,6
3,802,43,39,1,,37,14,,53
3,805,51,36,1,,29,22,,102
3,810,47,45,1,,34,17,,84
3,822,52,50,1,,26,25,,115
3,827,41,23,1,14,50,1,37,37
3,840,34,34,1,46,48,3,5,5
3,844,47,18,1,,31,20,,81
3,845,44,0,1,,40,11,,59
3,862,50,0,1,,22,29,,96
3,870,50,25,1,,29,22,,101
3,871,43,46,1,,42,9,,55
3,920,54,4,1,,25,26,,119
3,924,39,29,1,28,44,7,23,23
3,928,37,20,1,40,48,3,11,11
3,930,57,15,1,,22,29,,133
3,934,41,3,1,15,39,12,36,36
3,936,42,12,1,8,36,15,43,43
3,950,48,44,1,,48,3,,89
3,969,37,59,1,35,45,6,16,16
4,4,55,17,1,30,44,7,21,21
4,9,57,9,1,27,42,9,24,24
4,11,47,36,1,43,48,3,8,8
1,1,60,6,1,11,47,4,40,40
1,3,44,20,1,45,48,3,6,6
1,4,63,9,1,5,40,11,46,46
1,7,43,55,1,46,49,2,5,5
1,8,59,48,1,12,44,7,39,39
1,9,60,14,1,10,41,10,41,41
1,10,51,10,1,28,42,9,23,23
1,11,49,45,1,35,48,3,16,16
1,12,51,53,1,25,40,11,26,26
1,13,45,59,1,42,46,5,9,9
1,14,48,5,1,38,45,6,13,13
1,16,63,37,1,4,43,8,47,47
1,17,68,37,2,,36,15,,51
1,18,64,12,2,2,37,14,49,49
1,19,64,12,1,3,44,7,48,48
1,21,54,15,1,23,46,5,28,28
1,22,59,31,1,14,43,8,37,37
1,23,59,21,1,15,44,7,36,36
1,24,55,47,1,19,48,3,32,32
1,26,65,34,1,1,42,9,50,50
1,27,56,17,1,18,39,12,33,33
1,30,63,5,1,6,38,13,45,45
1,31,50,22,1,30,47,4,21,21
1,33,61,2,1,8,42,9,43,43
1,34,51,52,1,26,41,10,25,25
1,37,47,11,2,41,50,1,10,10
1,38,49,59,1,33,47,4,18,18
1,39,69,16,1,,35,16,,52
1,40,59,18,1,16,43,8,35,35
1,41,48,40,1,36,50,1,15,15
1,42,50,33,1,29,43,8,22,22
1,43,49,58,1,34,47,4,17,17
1,44,43,24,1,47,49,2,4,4
1,45,52,44,1,24,49,2,27,27
1,47,54,22,1,22,45,6,29,29
1,48,50,8,1,31,44,7,20,20
1,49,48,13,1,37,48,3,14,14
1,52,47,33,1,40,49,2,11,11
1,53,61,51,1,7,45,6,44,44
1,54,54,31,1,21,45,6,30,30
1,59,51,16,1,27,46,5,24,24
1,60,40,41,1,50,50,1,1,1
1,61,45,15,1,43,49,2,8,8
1,62,60,21,1,9,46,5,42,42
1,75,58,13,1,17,45,6,34,34
1,93,49,59,2,32,46,5,19,19
1,97,59,32,1,13,42,9,38,38
1,98,47,50,1,39,48,3,12,12
1,104,44,24,1,44,47,4,7,7
1,145,42,20,1,48,50,1,3,3
1,173,41,54,1,49,50,1,2,2
1,182,55,31,1,20,44,7,31,31
1,202,50,48,1,,21,30,,165
1,203,48,22,1,,23,28,,145
1,204,48,11,1,,22,29,,141
1,205,32,29,1,48,48,3,3,3
1,206,50,20,1,,3,48,,160
1,207,45,37,1,,16,35,,113
1,208,69,34,1,,38,13,,221
1,209,57,20,1,,15,36,,202
1,210,42,54,1,,38,13,,78
1,211,45,50,1,,21,30,,116
1,212,49,53,1,,22,29,,158
1,213,48,31,1,,20,31,,147
1,215,37,26,1,26,39,12,25,25
1,217,49,57,1,,4,47,,159
1,218,41,31,1,,31,20,,63
1,219,43,56,1,,47,4,,94
1,220,50,40,1,,41,10,,164
1,221,36,53,1,30,45,6,21,21
1,222,36,34,1,34,48,3,17,17
1,224,32,8,1,49,49,2,2,2
1,225,46,46,1,,26,25,,129
1,226,46,43,1,,44,7,,128
1,227,50,22,2,,2,49,,161
1,228,54,48,1,,17,34,,189
1,229,43,18,1,,23,28,,83
1,230,48,36,1,,12,39,,148
1,231,54,27,1,,,,,185
1,233,57,22,1,,42,9,,203
1,234,33,55,1,42,44,7,9,9
1,235,38,18,1,15,35,16,36,36
1,236,50,30,1,,10,41,,163
1,237,47,0,1,,14,37,,132
1,238,52,45,1,,5,46,,179
1,239,40,16,1,1,33,18,50,50
1,240,42,15,1,,41,10,,72
1,241,44,38,1,,45,6,,101
1,242,45,22,1,,17,34,,111
1,243,39,18,1,6,35,16,45,45
1,244,41,58,1,,29,22,,65
1,247,46,2,1,,18,33,,120
1,248,49,15,1,,6,45,,155
1,249,48,50,1,,43,8,,150
1,252,42,49,1,,26,25,,77
1,253,41,18,1,,44,7,,62
1,254,43,35,1,,35,16,,91
1,256,56,14,1,,14,37,,198
1,257,44,58,1,,31,20,,105
1,258,47,9,1,,13,38,,134
1,260,36,47,1,32,46,5,19,19
1,261,53,4,1,,40,11,,180
1,262,35,43,1,38,41,10,13,13
1,263,37,52,1,20,40,11,31,31
1,264,31,54,1,50,50,1,1,1
1,265,42,59,1,,37,14,,81
1,266,58,36,1,,,,,210
1,267,55,44,1,,,,,195
1,268,53,6,1,,4,47,,182
1,270,57,28,1,,12,39,,204
1,272,54,49,1,,17,34,,190
1,274,47,22,1,,12,39,,136
1,275,34,30,1,41,49,2,10,10
1,276,41,17,1,,28,23,,61
1,278,38,55,1,10,36,15,41,41
1,279,56,43,1,,,,,200
1,282,63,42,1,,,,,215
1,283,51,27,1,,1,50,,168
1,284,51,45,1,,9,42,,170
1,285,55,44,2,,,,,196
1,286,51,49,1,,8,43,,171
1,289,46,6,1,,28,23,,121
1,290,37,28,1,25,43,8,26,26
1,291,52,29,1,,6,45,,176
1,293,52,28,1,,7,44,,175
1,295,37,22,1,27,44,7,24,24
1,297,49,40,1,,5,46,,157
1,298,35,48,1,37,49,2,14,14
1,300,57,53,1,,,,,208
1,301,46,39,1,,16,35,,127
1,302,45,41,1,,29,22,,114
1,303,36,42,1,33,47,4,18,18
1,304,40,43,1,,40,11,,57
1,305,36,47,2,31,47,4,20,20
1,309,40,5,1,4,43,8,47,47
1,310,43,25,1,,35,16,,86
1,311,56,35,1,,13,38,,199
1,312,57,34,1,,11,40,,205
1,313,46,36,1,,27,24,,126
1,315,33,30,1,47,47,4,4,4
1,316,68,38,1,,7,44,,220
1,317,68,37,1,,,,,219
1,318,46,51,1,,14,37,,130
1,319,42,30,1,,25,26,,74
1,322,67,57,1,,8,43,,218
1,326,48,17,2,,24,27,,143
1,328,44,59,1,,20,31,,107
1,329,48,48,1,,9,42,,149
1,330,44,52,1,,24,27,,104
1,331,46,58,1,,15,36,,131
1,332,37,54,1,19,45,6,32,32
1,333,33,33,1,46,50,1,5,5
1,334,48,57,1,,7,44,,153
1,335,54,42,1,,2,49,,188
1,336,44,4,1,,46,5,,96
1,337,57,16,1,,16,35,,201
1,338,38,19,1,14,34,17,37,37
1,339,45,49,1,,22,29,,115
1,341,48,50,2,,42,9,,151
1,342,45,59,2,,19,32,,119
1,344,53,42,1,,39,12,,184
1,345,57,47,1,,38,13,,207
1,347,52,33,1,,18,33,,177
1,348,49,20,1,,19,32,,156
1,357,42,57,1,,39,12,,80
1,358,44,30,1,,32,19,,100
1,365,38,45,1,12,37,14,39,39
1,371,40,38,1,,41,10,,55
1,381,44,11,1,,32,19,,98
1,394,39,6,1,8,44,7,43,43
1,395,44,51,1,,30,21,,103
1,396,38,59,1,9,48,3,42,42
1,400,46,8,1,,15,36,,122
1,401,64,32,1,,13,38,,216
1,403,42,10,1,,42,9,,71
1,404,54,32,2,,,,,187
1,405,44,7,1,,34,17,,97
1,406,50,53,1,,19,32,,167
1,408,37,10,2,28,50,1,23,23
1,409,54,32,1,,3,48,,186
1,412,39,48,1,5,47,4,46,46
1,413,40,26,1,,32,19,,54
1,414,45,56,1,,20,31,,117
1,415,57,39,1,,10,41,,206
1,416,46,25,1,,17,34,,124
1,418,61,33,1,,40,11,,213
1,419,45,10,1,,19,32,,108
1,420,42,42,1,,24,27,,76
1,421,48,17,1,,25,26,,142
1,422,62,19,1,,,,,214
1,423,40,25,1,,46,5,,53
1,424,38,30,1,13,38,13,38,38
1,425,58,1,1,,14,37,,209
1,426,41,41,1,,30,21,,64
1,427,44,47,1,,31,20,,102
1,429,47,52,1,,25,26,,138
1,432,55,28,1,,16,35,,194
1,433,53,5,1,,,,,181
1,434,47,57,1,,24,27,,139
1,435,55,21,1,,1,50,,193
1,446,42,22,1,,40,11,,73
1,455,51,35,1,,47,4,,169
1,460,38,10,1,17,36,15,34,34
1,469,45,36,1,,49,2,,112
1,471,65,17,1,,39,12,,217
1,478,43,38,1,,50,1,,92
1,488,53,11,1,,44,7,,183
1,489,59,50,1,,41,10,,211
1,490,52,2,1,,46,5,,173
1,496,54,53,1,,49,2,,191
1,498,42,8,1,,27,24,,69
1,503,85,49,1,,48,3,,222
1,521,42,5,1,,28,23,,67
1,531,35,38,1,39,42,9,12,12
1,536,43,28,1,,37,14,,87
1,538,46,13,1,,27,24,,123
